uf_08,genero_08,fx_etaria_08,grau_inst_08,rem_dezem_08,temp_empr_08,salario
PB,FEMININO,50 A 64,SUP. COMP,3.4400001,332.79999,1427.6000414999999
SP,MASCULINO,50 A 64,FUND COMPL,10.75,216.8,4461.25
RJ,MASCULINO,40 A 49,MEDIO COMPL,1.46,325.79999,605.9
MG,FEMININO,50 A 64,6. A 9. FUND,1.26,333.39999,522.9
MG,MASCULINO,50 A 64,6. A 9. FUND,3.6400001,250.60001,1510.6000415
SP,FEMININO,40 A 49,MEDIO INCOMP,7.96,32.400002,3303.4
RS,FEMININO,50 A 64,SUP. COMP,23.5,397.89999,9752.5
SP,FEMININO,50 A 64,FUND COMPL,2.78,195.89999,1153.6999999999998
SP,FEMININO,50 A 64,SUP. COMP,3.2,46.200001,1328.0
SP,MASCULINO,40 A 49,SUP. COMP,25.360001,62.599998,10524.400415
CE,MASCULINO,30 A 39,6. A 9. FUND,1.23,51.400002,510.45
MG,MASCULINO,40 A 49,ATE 5.A INC,1.62,282.89999,672.3000000000001
SP,FEMININO,40 A 49,SUP. COMP,6.3600001,34.5,2639.4000415
RO,MASCULINO,40 A 49,SUP. COMP,13.55,37.200001,5623.25
MT,MASCULINO,40 A 49,FUND COMPL,1.11,51.900002,460.65000000000003
SP,FEMININO,40 A 49,MEDIO COMPL,4.0799999,28.9,1693.1999584999999
RO,FEMININO,50 A 64,FUND COMPL,3.3800001,197.39999,1402.7000415
RS,FEMININO,40 A 49,MEDIO INCOMP,4.23,254.89999,1755.4500000000003
PI,FEMININO,50 A 64,SUP. COMP,3.51,316.5,1456.6499999999999
SP,MASCULINO,50 A 64,6. A 9. FUND,1.8099999,165.8,751.1499585
RJ,MASCULINO,30 A 39,SUP. COMP,15.77,240.8,6544.55
MG,FEMININO,50 A 64,SUP. COMP,3.1500001,268.89999,1307.2500415000002
AP,MASCULINO,50 A 64,MEDIO COMPL,8.2200003,175.8,3411.3001245
MA,MASCULINO,40 A 49,MEDIO COMPL,5.6700001,190.89999,2353.0500415
MG,MASCULINO,50 A 64,FUND COMPL,25.120001,114.9,10424.800415
DF,FEMININO,30 A 39,SUP. COMP,7.9000001,102.5,3278.5000415
CE,FEMININO,40 A 49,SUP. INCOMP,8.1000004,316.5,3361.5001660000003
SP,FEMININO,50 A 64,SUP. COMP,15.42,67.900002,6399.3
SP,MASCULINO,30 A 39,MEDIO COMPL,2.6900001,44.299999,1116.3500414999999
SP,MASCULINO,50 A 64,FUND COMPL,6.27,306.89999,2602.0499999999997
SP,MASCULINO,50 A 64,5.A CO FUND,3.53,272.89999,1464.9499999999998
MT,FEMININO,40 A 49,SUP. COMP,2.3699999,10.9,983.5499584999999
MG,MASCULINO,50 A 64,ATE 5.A INC,1.26,227.89999,522.9
RS,MASCULINO,30 A 39,6. A 9. FUND,1.59,82.900002,659.85
SP,MASCULINO,30 A 39,ATE 5.A INC,0.37,204.0,153.55
SE,FEMININO,40 A 49,FUND COMPL,3.8699999,246.89999,1606.0499585
MG,FEMININO,50 A 64,SUP. COMP,2.3199999,241.89999,962.7999585
SP,FEMININO,50 A 64,6. A 9. FUND,3.01,322.79999,1249.1499999999999
SP,FEMININO,50 A 64,MEDIO INCOMP,0.56,232.39999,232.40000000000003
SP,MASCULINO,40 A 49,SUP. COMP,5.8200002,228.89999,2415.300083
SP,FEMININO,40 A 49,MEDIO COMPL,11.95,275.5,4959.25
SC,FEMININO,50 A 64,FUND COMPL,1.24,132.89999,514.6
SP,FEMININO,40 A 49,5.A CO FUND,1.48,162.89999,614.2
SP,MASCULINO,30 A 39,SUP. COMP,0.41,20.9,170.14999999999998
RJ,FEMININO,50 A 64,SUP. COMP,3.98,467.70001,1651.7
RS,FEMININO,30 A 39,MEDIO COMPL,3.49,165.0,1448.3500000000001
SE,MASCULINO,40 A 49,MEDIO INCOMP,3.3800001,247.0,1402.7000415
MG,FEMININO,30 A 39,FUND COMPL,1.02,161.89999,423.3
MG,FEMININO,40 A 49,MEDIO COMPL,1.6,184.39999,664.0
SC,MASCULINO,50 A 64,5.A CO FUND,4.2800002,308.89999,1776.200083
MG,MASCULINO,30 A 39,6. A 9. FUND,1.0599999,147.89999,439.8999585
PE,MASCULINO,40 A 49,MEDIO COMPL,1.42,163.89999,589.3
SP,MASCULINO,50 A 64,MEDIO COMPL,9.96,309.89999,4133.400000000001
MG,FEMININO,50 A 64,SUP. COMP,3.6600001,166.89999,1518.9000415
MG,MASCULINO,50 A 64,MEDIO COMPL,9.4300003,358.39999,3913.4501244999997
GO,FEMININO,50 A 64,MEDIO COMPL,10.27,385.20001,4262.05
CE,MASCULINO,30 A 39,FUND COMPL,4.4499998,171.8,1846.7499169999999
DF,MASCULINO,40 A 49,MEDIO COMPL,5.7800002,265.20001,2398.700083
RJ,FEMININO,40 A 49,SUP. COMP,2.4000001,199.8,996.0000415000001
PR,FEMININO,30 A 39,SUP. COMP,4.8400002,22.700001,2008.6000830000003
PE,MASCULINO,40 A 49,SUP. INCOMP,5.1100001,163.39999,2120.6500415
SP,MASCULINO,40 A 49,SUP. INCOMP,1.95,168.0,809.25
SP,FEMININO,50 A 64,SUP. COMP,10.34,220.0,4291.1
PR,MASCULINO,40 A 49,ATE 5.A INC,2.4300001,199.89999,1008.4500415
SP,MASCULINO,30 A 39,SUP. INCOMP,18.76,115.9,7785.400000000001
SC,FEMININO,30 A 39,SUP. COMP,4.3299999,77.0,1796.9499584999999
SP,MASCULINO,50 A 64,ATE 5.A INC,2.54,185.89999,1054.1
SC,FEMININO,40 A 49,MEDIO COMPL,14.97,354.10001,6212.55
RJ,FEMININO,40 A 49,SUP. COMP,1.8099999,165.89999,751.1499585
MG,MASCULINO,30 A 39,MEDIO COMPL,3.9100001,15.2,1622.6500415
RO,FEMININO,30 A 39,SUP. COMP,3.47,2.8,1440.0500000000002
BA,MASCULINO,40 A 49,MEDIO INCOMP,2.77,174.89999,1149.55
PE,MASCULINO,30 A 39,MEDIO COMPL,1.47,202.89999,610.05
ES,MASCULINO,50 A 64,6. A 9. FUND,1.9400001,44.900002,805.1000415
SP,MASCULINO,50 A 64,MEDIO COMPL,19.48,93.900002,8084.2
GO,FEMININO,40 A 49,SUP. COMP,2.3900001,223.89999,991.8500415
SP,FEMININO,40 A 49,SUP. COMP,13.9,291.29999,5768.5
PR,FEMININO,30 A 39,SUP. COMP,25.870001,86.099998,10736.050415
AL,FEMININO,40 A 49,SUP. COMP,2.52,291.70001,1045.8
SP,MASCULINO,50 A 64,SUP. COMP,15.55,254.7,6453.25
BA,MASCULINO,50 A 64,MEDIO COMPL,3.05,63.900002,1265.75
RJ,MASCULINO,30 A 39,SUP. COMP,37.459999,243.10001,15545.899585000001
SP,MASCULINO,30 A 39,MEDIO COMPL,3.1600001,13.4,1311.4000415
SP,MASCULINO,50 A 64,6. A 9. FUND,1.9,261.79999,788.5
PA,FEMININO,30 A 39,MEDIO INCOMP,1.73,201.7,717.95
SP,MASCULINO,40 A 49,6. A 9. FUND,2.6800001,160.89999,1112.2000415
RS,FEMININO,50 A 64,SUP. COMP,8.5500002,230.89999,3548.250083
SP,MASCULINO,50 A 64,FUND COMPL,7.8099999,340.70001,3241.1499585
PE,FEMININO,40 A 49,MEDIO COMPL,3.1500001,295.89999,1307.2500415000002
MG,FEMININO,40 A 49,SUP. COMP,2.7,221.89999,1120.5
MG,MASCULINO,40 A 49,FUND COMPL,1.64,46.400002,680.5999999999999
BA,FEMININO,40 A 49,SUP. COMP,6.3099999,179.10001,2618.6499585
SP,MASCULINO,30 A 39,6. A 9. FUND,8.3100004,209.2,3448.650166
ES,MASCULINO,50 A 64,MEDIO COMPL,6.8200002,290.89999,2830.300083
RS,MASCULINO,50 A 64,SUP. INCOMP,11.11,403.5,4610.65
RN,FEMININO,40 A 49,MEDIO INCOMP,1.2,276.89999,498.0
BA,MASCULINO,40 A 49,SUP. COMP,7.25,334.20001,3008.75
PR,MASCULINO,40 A 49,MEDIO COMPL,10.03,297.29999,4162.45
CE,MASCULINO,50 A 64,ATE 5.A INC,5.1100001,194.89999,2120.6500415
SP,FEMININO,50 A 64,MEDIO COMPL,2.24,287.10001,929.6000000000001
SP,FEMININO,30 A 39,MEDIO COMPL,1.33,160.89999,551.95
RS,MASCULINO,30 A 39,FUND COMPL,3.52,287.39999,1460.8
MG,FEMININO,50 A 64,SUP. COMP,2.5699999,166.89999,1066.5499585
RJ,MASCULINO,50 A 64,FUND COMPL,2.0999999,72.900002,871.4999584999999
RS,FEMININO,30 A 39,SUP. COMP,23.0,160.89999,9545.0
MG,MASCULINO,30 A 39,MEDIO COMPL,4.1399999,38.900002,1718.0999585000002
RS,FEMININO,40 A 49,SUP. COMP,2.73,153.8,1132.95
CE,FEMININO,50 A 64,MEDIO COMPL,5.3099999,372.10001,2203.6499585
GO,MASCULINO,50 A 64,MEDIO INCOMP,41.02,548.90002,17023.300000000003
MG,FEMININO,40 A 49,SUP. COMP,2.3800001,307.60001,987.7000415000001
SP,FEMININO,40 A 49,FUND COMPL,4.8200002,312.70001,2000.300083
PR,FEMININO,30 A 39,SUP. COMP,6.52,142.89999,2705.7999999999997
SP,FEMININO,30 A 39,MEDIO COMPL,1.67,18.9,693.05
SP,MASCULINO,40 A 49,6. A 9. FUND,2.0599999,143.7,854.8999585000001
RN,FEMININO,40 A 49,FUND COMPL,1.72,35.900002,713.8
SP,MASCULINO,40 A 49,SUP. COMP,14.22,303.5,5901.3
RJ,FEMININO,50 A 64,MEDIO COMPL,9.8599997,148.7,4091.8998755
PR,MASCULINO,40 A 49,SUP. COMP,15.43,228.8,6403.45
RS,MASCULINO,50 A 64,FUND COMPL,1.35,194.8,560.25
AP,FEMININO,40 A 49,MEDIO COMPL,7.6500001,242.8,3174.7500415
SP,MASCULINO,40 A 49,6. A 9. FUND,4.1999998,174.5,1742.9999169999999
SP,FEMININO,30 A 39,SUP. COMP,4.3299999,202.60001,1796.9499584999999
MG,FEMININO,40 A 49,6. A 9. FUND,2.45,213.8,1016.7500000000001
PB,FEMININO,40 A 49,SUP. COMP,2.1800001,278.89999,904.7000415
AL,FEMININO,50 A 64,MEDIO COMPL,2.27,274.89999,942.05
DF,MASCULINO,30 A 39,MEDIO COMPL,3.0,16.9,1245.0
RS,MASCULINO,50 A 64,ATE 5.A INC,10.33,308.10001,4286.95
RS,FEMININO,40 A 49,6. A 9. FUND,1.5700001,167.0,651.5500414999999
CE,MASCULINO,30 A 39,5.A CO FUND,2.3399999,171.2,971.0999585
RS,FEMININO,40 A 49,MEDIO COMPL,2.5999999,261.39999,1078.9999584999998
SP,MASCULINO,30 A 39,FUND COMPL,3.0899999,109.9,1282.3499585
SP,MASCULINO,40 A 49,SUP. COMP,44.560001,20.1,18492.400415
MG,MASCULINO,40 A 49,MEDIO COMPL,8.5299997,247.60001,3539.9498755
SP,FEMININO,30 A 39,FUND COMPL,1.79,167.8,742.85
SP,MASCULINO,50 A 64,MEDIO INCOMP,2.3800001,177.39999,987.7000415000001
SC,FEMININO,30 A 39,FUND COMPL,2.6400001,247.60001,1095.6000415
PE,MASCULINO,50 A 64,SUP. COMP,52.52,59.400002,21795.800000000003
RJ,MASCULINO,40 A 49,6. A 9. FUND,1.58,391.89999,655.7
SP,MASCULINO,40 A 49,5.A CO FUND,5.0599999,40.700001,2099.8999585
RJ,MASCULINO,50 A 64,SUP. COMP,7.6399999,304.39999,3170.5999585
MG,MASCULINO,40 A 49,SUP. COMP,9.8800001,27.9,4100.2000415
SP,MASCULINO,40 A 49,MEDIO COMPL,11.61,230.10001,4818.15
PR,FEMININO,50 A 64,6. A 9. FUND,4.5300002,212.89999,1879.950083
RJ,MASCULINO,40 A 49,MEDIO COMPL,3.8699999,159.89999,1606.0499585
RJ,MASCULINO,40 A 49,5.A CO FUND,2.1199999,65.699997,879.7999584999999
PE,MASCULINO,30 A 39,ATE 5.A INC,1.78,150.60001,738.7
BA,MASCULINO,30 A 39,MEDIO COMPL,22.799999,84.099998,9461.999585
PR,MASCULINO,30 A 39,MEDIO INCOMP,2.3399999,162.89999,971.0999585
SP,MASCULINO,40 A 49,MEDIO INCOMP,2.76,166.5,1145.3999999999999
ES,FEMININO,50 A 64,SUP. COMP,14.83,363.39999,6154.45
PE,FEMININO,50 A 64,FUND COMPL,1.6900001,281.79999,701.3500415
SP,FEMININO,40 A 49,SUP. COMP,4.79,172.0,1987.85
PA,MASCULINO,50 A 64,ATE 5.A INC,9.8199997,419.89999,4075.2998755000003
PR,FEMININO,40 A 49,MEDIO INCOMP,2.3900001,164.89999,991.8500415
SP,MASCULINO,30 A 39,SUP. INCOMP,31.43,220.89999,13043.45
RJ,FEMININO,40 A 49,5.A CO FUND,2.4200001,242.89999,1004.3000415000001
SP,MASCULINO,30 A 39,MEDIO COMPL,2.6700001,2.0999999,1108.0500415000001
RS,MASCULINO,30 A 39,MEDIO INCOMP,3.3199999,146.89999,1377.7999585
PA,FEMININO,40 A 49,MEDIO COMPL,1.25,271.5,518.75
SP,MASCULINO,40 A 49,6. A 9. FUND,4.4699998,84.900002,1855.049917
SP,MASCULINO,50 A 64,SUP. INCOMP,15.07,303.29999,6254.05
RS,MASCULINO,30 A 39,MEDIO COMPL,18.139999,148.8,7528.099585
SP,FEMININO,30 A 39,SUP. COMP,28.709999,185.2,11914.649585
MG,FEMININO,50 A 64,FUND COMPL,1.5700001,200.89999,651.5500414999999
MG,MASCULINO,40 A 49,MEDIO COMPL,12.28,291.20001,5096.2
MG,FEMININO,40 A 49,FUND COMPL,1.24,222.8,514.6
PB,MASCULINO,40 A 49,5.A CO FUND,5.8899999,320.89999,2444.3499585
RJ,MASCULINO,30 A 39,MEDIO COMPL,4.3800001,59.900002,1817.7000415
SP,MASCULINO,30 A 39,FUND COMPL,5.46,178.3,2265.9
SP,MASCULINO,30 A 39,MEDIO COMPL,6.7199998,94.800003,2788.799917
MS,FEMININO,40 A 49,SUP. COMP,6.0900002,223.0,2527.3500830000003
PR,MASCULINO,40 A 49,MEDIO COMPL,3.3099999,218.2,1373.6499585000001
PA,MASCULINO,30 A 39,MEDIO COMPL,6.1500001,9.8000002,2552.2500415
SP,MASCULINO,30 A 39,FUND COMPL,5.8400002,210.89999,2423.6000830000003
MG,FEMININO,50 A 64,FUND COMPL,1.22,133.89999,506.3
MG,FEMININO,50 A 64,SUP. COMP,40.189999,332.79999,16678.849585
PR,FEMININO,40 A 49,MEDIO COMPL,4.9400001,74.900002,2050.1000415
SP,MASCULINO,40 A 49,MEDIO COMPL,2.25,168.89999,933.75
RN,FEMININO,50 A 64,MEDIO INCOMP,1.4400001,271.5,597.6000415
PA,FEMININO,50 A 64,5.A CO FUND,1.0,96.400002,415.0
CE,FEMININO,50 A 64,FUND COMPL,1.0,247.60001,415.0
MS,MASCULINO,30 A 39,ATE 5.A INC,1.25,16.9,518.75
MG,FEMININO,50 A 64,5.A CO FUND,1.33,215.89999,551.95
MA,FEMININO,50 A 64,MEDIO COMPL,2.0899999,23.9,867.3499585
PR,MASCULINO,30 A 39,FUND COMPL,3.49,176.8,1448.3500000000001
SP,MASCULINO,30 A 39,MEDIO COMPL,7.48,4.0999999,3104.2000000000003
SP,MASCULINO,40 A 49,MEDIO COMPL,3.98,52.700001,1651.7
SP,FEMININO,50 A 64,MEDIO COMPL,5.04,196.8,2091.6
SP,FEMININO,50 A 64,MEDIO COMPL,3.78,299.20001,1568.6999999999998
PE,MASCULINO,30 A 39,MEDIO COMPL,2.78,223.39999,1153.6999999999998
CE,FEMININO,50 A 64,5.A CO FUND,1.04,333.79999,431.6
CE,FEMININO,50 A 64,6. A 9. FUND,3.52,22.9,1460.8
SC,FEMININO,50 A 64,MEDIO COMPL,2.6900001,213.3,1116.3500414999999
SP,MASCULINO,40 A 49,MEDIO INCOMP,4.3000002,116.9,1784.5000830000001
SP,FEMININO,40 A 49,MEDIO COMPL,6.5599999,275.20001,2722.3999585
SP,FEMININO,30 A 39,SUP. COMP,9.8699999,256.89999,4096.0499585
CE,FEMININO,40 A 49,5.A CO FUND,1.0,277.0,415.0
MG,FEMININO,50 A 64,5.A CO FUND,1.0,195.0,415.0
DF,FEMININO,50 A 64,MEDIO COMPL,10.94,182.39999,4540.099999999999
DF,MASCULINO,50 A 64,MEDIO COMPL,6.2600002,285.89999,2597.900083
BA,MASCULINO,40 A 49,6. A 9. FUND,1.21,163.89999,502.15
BA,MASCULINO,50 A 64,SUP. COMP,13.84,291.10001,5743.6
ES,MASCULINO,40 A 49,MEDIO COMPL,3.3099999,98.900002,1373.6499585000001
CE,MASCULINO,30 A 39,MEDIO INCOMP,1.3099999,36.299999,543.6499585
AL,FEMININO,50 A 64,MEDIO COMPL,4.9499998,316.5,2054.2499169999996
RJ,MASCULINO,40 A 49,SUP. COMP,3.52,220.5,1460.8
SP,MASCULINO,30 A 39,FUND COMPL,2.9000001,124.9,1203.5000415000002
SP,MASCULINO,50 A 64,SUP. COMP,20.879999,267.89999,8665.199585
PR,MASCULINO,50 A 64,MEDIO COMPL,5.0500002,335.10001,2095.7500830000004
SP,FEMININO,50 A 64,SUP. COMP,2.22,40.200001,921.3000000000001
RS,MASCULINO,30 A 39,FUND COMPL,2.52,99.900002,1045.8
RR,FEMININO,50 A 64,MEDIO COMPL,5.6399999,265.89999,2340.5999585
SP,MASCULINO,50 A 64,6. A 9. FUND,3.97,210.2,1647.5500000000002
SP,MASCULINO,50 A 64,MEDIO COMPL,4.6199999,48.900002,1917.2999585
BA,FEMININO,40 A 49,6. A 9. FUND,1.3,295.5,539.5
SP,MASCULINO,50 A 64,SUP. COMP,35.779999,264.89999,14848.699584999998
SP,FEMININO,40 A 49,MEDIO COMPL,3.3399999,223.89999,1386.0999585
RJ,MASCULINO,50 A 64,SUP. COMP,17.68,343.39999,7337.2
SC,MASCULINO,30 A 39,MEDIO COMPL,5.9699998,199.60001,2477.549917
RJ,MASCULINO,40 A 49,FUND COMPL,4.7800002,42.900002,1983.700083
BA,FEMININO,30 A 39,MEDIO COMPL,4.04,29.799999,1676.6
SP,MASCULINO,50 A 64,6. A 9. FUND,15.31,166.89999,6353.650000000001
SP,MASCULINO,40 A 49,SUP. COMP,9.3500004,220.10001,3880.2501660000003
AL,FEMININO,50 A 64,SUP. COMP,7.6399999,327.29999,3170.5999585
SC,FEMININO,40 A 49,SUP. COMP,7.21,273.5,2992.15
SP,MASCULINO,50 A 64,SUP. COMP,8.4300003,233.10001,3498.4501244999997
PB,FEMININO,50 A 64,SUP. COMP,16.34,168.0,6781.1
SC,MASCULINO,30 A 39,5.A CO FUND,6.54,174.89999,2714.1
PI,FEMININO,40 A 49,MEDIO COMPL,5.4099998,294.79999,2245.1499169999997
RN,FEMININO,50 A 64,SUP. COMP,2.01,319.29999,834.1499999999999
RN,FEMININO,40 A 49,SUP. COMP,16.08,198.3,6673.199999999999
PI,FEMININO,40 A 49,5.A CO FUND,2.1700001,236.3,900.5500415000001
MG,MASCULINO,40 A 49,MEDIO COMPL,9.79,334.39999,4062.8499999999995
SP,MASCULINO,50 A 64,5.A CO FUND,4.2800002,32.0,1776.200083
MG,MASCULINO,40 A 49,FUND COMPL,5.75,58.900002,2386.25
SP,MASCULINO,50 A 64,MEDIO COMPL,8.4499998,4.9000001,3506.749917
PE,MASCULINO,30 A 39,MEDIO COMPL,4.6999998,42.900002,1950.4999169999999
SP,MASCULINO,40 A 49,MEDIO COMPL,15.43,11.9,6403.45
SP,FEMININO,40 A 49,MEDIO COMPL,11.72,263.10001,4863.8
PR,MASCULINO,40 A 49,SUP. COMP,8.1599998,195.3,3386.3999169999997
RJ,MASCULINO,50 A 64,MEDIO COMPL,8.8000002,416.89999,3652.000083
PR,MASCULINO,40 A 49,MEDIO COMPL,3.99,201.7,1655.8500000000001
PE,FEMININO,40 A 49,SUP. INCOMP,5.0900002,178.89999,2112.3500830000003
PR,MASCULINO,40 A 49,6. A 9. FUND,6.5300002,337.89999,2709.950083
RJ,MASCULINO,50 A 64,MEDIO COMPL,6.9899998,111.0,2900.849917
RJ,FEMININO,50 A 64,SUP. COMP,5.1999998,380.70001,2157.9999169999996
RS,MASCULINO,30 A 39,MEDIO COMPL,7.5500002,177.0,3133.2500830000004
SP,MASCULINO,40 A 49,5.A CO FUND,2.0799999,6.9000001,863.1999584999999
PE,FEMININO,40 A 49,FUND COMPL,1.79,41.900002,742.85
SC,MASCULINO,40 A 49,MEDIO INCOMP,5.9899998,187.89999,2485.849917
MT,FEMININO,50 A 64,MEDIO INCOMP,3.9100001,270.5,1622.6500415
CE,MASCULINO,30 A 39,MEDIO INCOMP,1.72,120.4,713.8
SP,FEMININO,40 A 49,MEDIO COMPL,10.14,274.89999,4208.1
RJ,FEMININO,50 A 64,MEDIO COMPL,1.63,249.89999,676.4499999999999
SP,FEMININO,50 A 64,SUP. INCOMP,10.74,58.799999,4457.1
SP,MASCULINO,40 A 49,SUP. INCOMP,30.379999,309.5,12607.699585
ES,MASCULINO,40 A 49,SUP. COMP,18.93,34.900002,7855.95
BA,FEMININO,50 A 64,MEDIO COMPL,6.29,235.0,2610.35
MG,FEMININO,40 A 49,SUP. COMP,4.1500001,48.299999,1722.2500415
MT,FEMININO,40 A 49,SUP. INCOMP,2.6800001,212.89999,1112.2000415
CE,MASCULINO,40 A 49,MEDIO INCOMP,2.9400001,270.5,1220.1000414999999
SP,MASCULINO,30 A 39,MEDIO COMPL,6.8000002,178.7,2822.0000830000004
RJ,FEMININO,40 A 49,MEDIO COMPL,2.3699999,134.89999,983.5499584999999
ES,MASCULINO,50 A 64,5.A CO FUND,3.7,167.39999,1535.5
SP,FEMININO,40 A 49,SUP. COMP,7.96,281.60001,3303.4
SP,FEMININO,50 A 64,FUND COMPL,4.6300001,148.89999,1921.4500415
MS,FEMININO,40 A 49,SUP. COMP,10.4,172.2,4316.0
SP,MASCULINO,50 A 64,SUP. COMP,12.18,134.89999,5054.7
SP,FEMININO,40 A 49,MEDIO COMPL,2.0999999,169.89999,871.4999584999999
SP,FEMININO,50 A 64,MEDIO COMPL,2.51,190.89999,1041.6499999999999
SP,MASCULINO,50 A 64,FUND COMPL,2.49,225.89999,1033.3500000000001
RS,FEMININO,40 A 49,SUP. COMP,6.5799999,248.60001,2730.6999585
RJ,MASCULINO,50 A 64,5.A CO FUND,14.69,394.29999,6096.349999999999
SP,MASCULINO,40 A 49,6. A 9. FUND,2.3,3.9000001,954.4999999999999
AM,FEMININO,50 A 64,6. A 9. FUND,1.35,160.3,560.25
CE,MASCULINO,50 A 64,ATE 5.A INC,2.1600001,320.70001,896.4000415
PI,MASCULINO,50 A 64,ATE 5.A INC,5.3299999,342.0,2211.9499585
SP,MASCULINO,50 A 64,FUND COMPL,2.6099999,140.89999,1083.1499585
MG,FEMININO,40 A 49,SUP. COMP,5.8299999,223.0,2419.4499585
MG,FEMININO,40 A 49,MEDIO INCOMP,1.1799999,78.900002,489.69995850000004
RN,MASCULINO,50 A 64,5.A CO FUND,3.3699999,349.39999,1398.5499585
SP,MASCULINO,40 A 49,MEDIO INCOMP,2.22,205.89999,921.3000000000001
RS,MASCULINO,50 A 64,6. A 9. FUND,5.6199999,406.20001,2332.2999585
SP,FEMININO,50 A 64,MEDIO COMPL,4.54,256.29999,1884.1
GO,MASCULINO,50 A 64,SUP. COMP,42.060001,287.5,17454.900415
CE,FEMININO,30 A 39,MEDIO COMPL,1.34,47.599998,556.1
CE,FEMININO,40 A 49,SUP. COMP,44.490002,198.7,18463.35083
RJ,MASCULINO,50 A 64,6. A 9. FUND,3.6400001,203.5,1510.6000415
SE,FEMININO,30 A 39,SUP. COMP,3.1700001,117.9,1315.5500415000001
MG,FEMININO,50 A 64,5.A CO FUND,1.27,274.89999,527.05
CE,MASCULINO,50 A 64,SUP. COMP,3.02,94.900002,1253.3
SP,MASCULINO,40 A 49,MEDIO COMPL,7.6199999,104.4,3162.2999585
SP,MASCULINO,50 A 64,MEDIO COMPL,2.1300001,2.7,883.9500415000001
RS,FEMININO,40 A 49,MEDIO COMPL,7.21,104.9,2992.15
DF,FEMININO,40 A 49,SUP. COMP,21.58,210.3,8955.699999999999
SP,MASCULINO,30 A 39,MEDIO INCOMP,2.98,77.900002,1236.7
RJ,MASCULINO,40 A 49,MEDIO COMPL,4.3099999,109.9,1788.6499585000001
BA,FEMININO,50 A 64,SUP. COMP,28.35,245.60001,11765.25
MG,MASCULINO,30 A 39,SUP. INCOMP,6.75,213.60001,2801.25
AL,MASCULINO,50 A 64,ATE 5.A INC,1.0,360.79999,415.0
SP,MASCULINO,40 A 49,5.A CO FUND,2.99,95.900002,1240.8500000000001
SP,MASCULINO,50 A 64,5.A CO FUND,1.9400001,163.2,805.1000415
MG,FEMININO,40 A 49,SUP. COMP,5.25,311.39999,2178.75
RS,MASCULINO,30 A 39,MEDIO COMPL,4.4899998,37.900002,1863.3499169999998
SP,MASCULINO,40 A 49,MEDIO COMPL,2.3900001,144.10001,991.8500415
PE,MASCULINO,50 A 64,MEDIO COMPL,2.4100001,177.8,1000.1500415
RO,FEMININO,40 A 49,FUND COMPL,1.0,94.400002,415.0
SP,FEMININO,30 A 39,SUP. COMP,1.86,196.5,771.9000000000001
MG,FEMININO,50 A 64,SUP. COMP,4.1999998,262.89999,1742.9999169999999
SP,FEMININO,40 A 49,SUP. COMP,8.5699997,261.39999,3556.5498755000003
CE,FEMININO,40 A 49,MEDIO COMPL,1.61,239.89999,668.1500000000001
RJ,FEMININO,40 A 49,SUP. INCOMP,3.48,246.2,1444.2
MG,MASCULINO,30 A 39,6. A 9. FUND,1.37,156.10001,568.5500000000001
SP,MASCULINO,40 A 49,6. A 9. FUND,4.3400002,255.2,1801.1000830000003
SE,MASCULINO,40 A 49,SUP. COMP,1.87,70.400002,776.0500000000001
RJ,FEMININO,30 A 39,MEDIO COMPL,2.1199999,62.900002,879.7999584999999
MG,FEMININO,40 A 49,SUP. COMP,4.8600001,166.89999,2016.9000414999998
MG,FEMININO,30 A 39,SUP. COMP,3.24,160.10001,1344.6000000000001
RJ,MASCULINO,40 A 49,ATE 5.A INC,2.9000001,259.89999,1203.5000415000002
AL,FEMININO,30 A 39,MEDIO COMPL,1.08,118.8,448.20000000000005
PA,FEMININO,30 A 39,SUP. COMP,2.0999999,249.89999,871.4999584999999
RJ,FEMININO,50 A 64,MEDIO COMPL,7.5500002,321.29999,3133.2500830000004
TO,MASCULINO,50 A 64,SUP. COMP,5.9000001,436.89999,2448.5000415
SP,MASCULINO,50 A 64,MEDIO COMPL,9.0799999,52.900002,3768.1999585000003
PA,MASCULINO,40 A 49,FUND COMPL,3.8199999,269.60001,1585.2999585
MG,FEMININO,40 A 49,MEDIO COMPL,1.6900001,202.89999,701.3500415
RJ,MASCULINO,30 A 39,FUND COMPL,1.89,113.2,784.3499999999999
RS,FEMININO,40 A 49,ATE 5.A INC,1.71,3.2,709.65
MG,MASCULINO,50 A 64,ATE 5.A INC,2.5999999,161.7,1078.9999584999998
SP,FEMININO,50 A 64,MEDIO COMPL,1.12,214.89999,464.80000000000007
SP,FEMININO,30 A 39,MEDIO COMPL,2.0899999,250.2,867.3499585
RJ,FEMININO,50 A 64,MEDIO COMPL,4.5,380.79999,1867.5
PR,MASCULINO,50 A 64,5.A CO FUND,2.3800001,150.10001,987.7000415000001
SE,MASCULINO,30 A 39,SUP. COMP,21.83,173.3,9059.449999999999
SC,FEMININO,50 A 64,SUP. COMP,16.959999,345.89999,7038.399585
CE,MASCULINO,50 A 64,MEDIO COMPL,1.9299999,415.20001,800.9499585000001
RS,FEMININO,30 A 39,MEDIO COMPL,2.0,153.7,830.0
SP,FEMININO,50 A 64,FUND COMPL,5.3400002,289.89999,2216.1000830000003
SP,FEMININO,40 A 49,SUP. COMP,9.9099998,106.9,4112.649917
MG,MASCULINO,50 A 64,5.A CO FUND,3.1800001,220.89999,1319.7000415
BA,MASCULINO,50 A 64,FUND COMPL,3.24,289.89999,1344.6000000000001
DF,MASCULINO,40 A 49,SUP. COMP,27.77,227.5,11524.55
SP,FEMININO,40 A 49,MEDIO INCOMP,1.47,74.400002,610.05
RS,MASCULINO,40 A 49,SUP. COMP,15.36,264.79999,6374.4
MG,MASCULINO,40 A 49,SUP. COMP,13.74,323.29999,5702.1
SC,FEMININO,30 A 39,SUP. INCOMP,1.63,142.2,676.4499999999999
SP,MASCULINO,40 A 49,6. A 9. FUND,3.23,182.89999,1340.45
RN,MASCULINO,50 A 64,SUP. COMP,1.88,345.89999,780.1999999999999
SP,FEMININO,30 A 39,SUP. COMP,39.959999,43.200001,16583.399585000003
RS,FEMININO,30 A 39,MEDIO COMPL,2.6400001,177.5,1095.6000415
SP,MASCULINO,40 A 49,SUP. COMP,46.950001,87.5,19484.250415
MG,MASCULINO,40 A 49,6. A 9. FUND,3.3099999,256.79999,1373.6499585000001
PB,FEMININO,50 A 64,SUP. COMP,3.23,236.8,1340.45
PR,MASCULINO,50 A 64,SUP. COMP,17.690001,220.39999,7341.350415
MG,FEMININO,40 A 49,6. A 9. FUND,1.04,23.9,431.6
SP,FEMININO,30 A 39,MEDIO COMPL,6.8800001,223.3,2855.2000415
MA,MASCULINO,50 A 64,MEDIO COMPL,14.42,386.29999,5984.3
PR,MASCULINO,40 A 49,MEDIO INCOMP,4.29,146.10001,1780.35
PI,FEMININO,40 A 49,SUP. INCOMP,3.0799999,303.39999,1278.1999584999999
SP,FEMININO,50 A 64,6. A 9. FUND,2.0599999,155.3,854.8999585000001
PR,FEMININO,40 A 49,6. A 9. FUND,1.6900001,179.3,701.3500415
SP,MASCULINO,50 A 64,6. A 9. FUND,5.5799999,221.60001,2315.6999585
RS,MASCULINO,40 A 49,FUND COMPL,2.1300001,89.099998,883.9500415000001
PR,FEMININO,40 A 49,SUP. COMP,18.940001,274.10001,7860.100415
PE,MASCULINO,30 A 39,MEDIO COMPL,1.73,160.89999,717.95
AL,FEMININO,50 A 64,MEDIO COMPL,4.0900002,160.3,1697.3500830000003
CE,FEMININO,40 A 49,SUP. COMP,57.450001,183.2,23841.750415
RJ,MASCULINO,40 A 49,ATE 5.A INC,3.49,186.89999,1448.3500000000001
RJ,MASCULINO,40 A 49,SUP. COMP,6.5100002,49.900002,2701.650083
GO,MASCULINO,30 A 39,MEDIO COMPL,2.49,190.89999,1033.3500000000001
PE,MASCULINO,50 A 64,6. A 9. FUND,1.97,210.89999,817.55
MT,MASCULINO,40 A 49,MEDIO COMPL,5.5,272.89999,2282.5
SP,MASCULINO,40 A 49,SUP. INCOMP,10.82,242.10001,4490.3
RS,MASCULINO,30 A 39,FUND COMPL,1.85,262.79999,767.75
RS,FEMININO,50 A 64,SUP. COMP,3.25,185.3,1348.75
SP,FEMININO,40 A 49,SUP. COMP,15.58,161.89999,6465.7
DF,MASCULINO,40 A 49,FUND COMPL,2.6900001,236.8,1116.3500414999999
SP,FEMININO,50 A 64,MEDIO COMPL,3.8499999,321.89999,1597.7499584999998
SP,FEMININO,40 A 49,MEDIO COMPL,2.46,184.39999,1020.9
SP,MASCULINO,50 A 64,MEDIO COMPL,14.83,262.29999,6154.45
BA,FEMININO,40 A 49,MEDIO COMPL,5.1599998,228.60001,2141.3999169999997
BA,FEMININO,40 A 49,SUP. COMP,2.21,101.0,917.15
PR,MASCULINO,40 A 49,FUND COMPL,2.5899999,90.900002,1074.8499585
SP,MASCULINO,40 A 49,SUP. COMP,24.870001,19.9,10321.050415
PR,FEMININO,30 A 39,MEDIO COMPL,2.3499999,166.39999,975.2499584999999
SP,MASCULINO,50 A 64,5.A CO FUND,3.0699999,263.89999,1274.0499585
SP,MASCULINO,40 A 49,5.A CO FUND,3.3599999,187.89999,1394.3999585
RJ,MASCULINO,30 A 39,MEDIO COMPL,1.87,2.2,776.0500000000001
PR,FEMININO,50 A 64,6. A 9. FUND,2.23,242.5,925.45
MG,MASCULINO,30 A 39,6. A 9. FUND,3.53,207.89999,1464.9499999999998
SP,FEMININO,40 A 49,SUP. COMP,5.0900002,190.7,2112.3500830000003
PA,MASCULINO,40 A 49,5.A CO FUND,4.5300002,176.60001,1879.950083
RS,MASCULINO,30 A 39,MEDIO COMPL,9.3800001,77.900002,3892.7000415
SP,MASCULINO,50 A 64,FUND COMPL,2.1700001,109.9,900.5500415000001
AC,MASCULINO,50 A 64,MEDIO COMPL,2.6400001,301.89999,1095.6000415
MG,MASCULINO,40 A 49,SUP. COMP,16.309999,261.5,6768.649585
SC,MASCULINO,50 A 64,SUP. COMP,22.68,390.89999,9412.2
MG,FEMININO,40 A 49,MEDIO COMPL,1.61,30.6,668.1500000000001
SC,FEMININO,40 A 49,SUP. COMP,4.1999998,247.60001,1742.9999169999999
SP,MASCULINO,40 A 49,SUP. INCOMP,7.27,211.7,3017.0499999999997
GO,FEMININO,40 A 49,MEDIO COMPL,2.6900001,181.60001,1116.3500414999999
MA,FEMININO,50 A 64,5.A CO FUND,1.1900001,55.5,493.8500415
PR,MASCULINO,50 A 64,MEDIO COMPL,3.6400001,331.79999,1510.6000415
ES,FEMININO,40 A 49,SUP. COMP,3.3699999,16.5,1398.5499585
SP,FEMININO,50 A 64,MEDIO COMPL,1.34,245.39999,556.1
SP,FEMININO,40 A 49,MEDIO COMPL,2.28,6.9000001,946.1999999999999
PR,MASCULINO,40 A 49,SUP. INCOMP,3.3699999,284.89999,1398.5499585
SP,MASCULINO,50 A 64,ATE 5.A INC,5.9899998,165.5,2485.849917
SP,FEMININO,30 A 39,MEDIO COMPL,0.60000002,182.89999,249.0000083
SP,MASCULINO,40 A 49,FUND COMPL,4.98,210.60001,2066.7000000000003
SP,MASCULINO,40 A 49,MEDIO COMPL,8.5100002,208.3,3531.650083
RJ,MASCULINO,40 A 49,MEDIO COMPL,6.77,254.89999,2809.5499999999997
SP,FEMININO,50 A 64,MEDIO COMPL,15.78,269.89999,6548.7
ES,MASCULINO,40 A 49,5.A CO FUND,2.0599999,65.199997,854.8999585000001
BA,MASCULINO,40 A 49,6. A 9. FUND,1.48,321.89999,614.2
RJ,FEMININO,40 A 49,MEDIO COMPL,1.61,198.89999,668.1500000000001
SE,MASCULINO,40 A 49,MEDIO COMPL,3.8,123.9,1577.0
SP,FEMININO,50 A 64,SUP. INCOMP,11.52,315.29999,4780.8
PE,MASCULINO,50 A 64,FUND COMPL,2.3900001,33.900002,991.8500415
RS,FEMININO,40 A 49,FUND COMPL,2.75,261.10001,1141.25
SP,FEMININO,50 A 64,ATE 5.A INC,1.28,234.89999,531.2
PR,MASCULINO,40 A 49,MEDIO COMPL,1.17,13.5,485.54999999999995
RS,FEMININO,30 A 39,FUND COMPL,1.89,164.89999,784.3499999999999
RJ,FEMININO,30 A 39,SUP. COMP,12.58,169.89999,5220.7
MG,FEMININO,50 A 64,SUP. INCOMP,14.96,161.89999,6208.400000000001
MG,MASCULINO,50 A 64,FUND COMPL,1.77,118.6,734.55
RJ,FEMININO,40 A 49,SUP. INCOMP,4.1599998,308.79999,1726.3999169999997
PB,MASCULINO,40 A 49,SUP. COMP,2.97,253.89999,1232.5500000000002
SP,FEMININO,50 A 64,6. A 9. FUND,3.98,289.5,1651.7
CE,FEMININO,40 A 49,MEDIO COMPL,0.81999999,232.39999,340.29999585
SP,MASCULINO,40 A 49,SUP. COMP,23.190001,283.5,9623.850414999999
BA,FEMININO,40 A 49,MEDIO COMPL,2.1199999,296.39999,879.7999584999999
MG,MASCULINO,40 A 49,5.A CO FUND,2.3399999,309.89999,971.0999585
RS,FEMININO,30 A 39,MEDIO COMPL,2.8900001,102.6,1199.3500415
DF,MASCULINO,50 A 64,FUND COMPL,6.9299998,251.10001,2875.949917
SP,MASCULINO,40 A 49,MEDIO INCOMP,4.4400001,151.89999,1842.6000414999999
SP,FEMININO,50 A 64,MEDIO COMPL,6.77,215.8,2809.5499999999997
SP,MASCULINO,40 A 49,FUND COMPL,4.3800001,53.299999,1817.7000415
RS,MASCULINO,40 A 49,MEDIO COMPL,8.6099997,277.70001,3573.1498755
SP,FEMININO,50 A 64,SUP. COMP,5.9099998,47.0,2452.6499169999997
SP,FEMININO,50 A 64,SUP. COMP,15.17,213.10001,6295.55
SP,FEMININO,40 A 49,SUP. COMP,6.5599999,106.7,2722.3999585
SP,MASCULINO,50 A 64,FUND COMPL,2.6500001,2.8,1099.7500415000002
RS,FEMININO,50 A 64,MEDIO COMPL,1.36,61.900002,564.4000000000001
PB,MASCULINO,30 A 39,5.A CO FUND,2.1199999,148.5,879.7999584999999
SP,MASCULINO,40 A 49,SUP. COMP,5.2800002,83.0,2191.200083
SP,FEMININO,40 A 49,SUP. COMP,5.1799998,202.60001,2149.699917
MG,FEMININO,40 A 49,SUP. COMP,1.3099999,295.5,543.6499585
RR,FEMININO,30 A 39,MEDIO COMPL,7.1500001,242.89999,2967.2500415
SP,MASCULINO,40 A 49,MEDIO COMPL,9.4700003,147.0,3930.0501245
SP,FEMININO,50 A 64,MEDIO COMPL,6.8099999,345.60001,2826.1499585
RS,MASCULINO,50 A 64,ATE 5.A INC,5.27,284.20001,2187.0499999999997
BA,MASCULINO,40 A 49,ATE 5.A INC,1.01,164.89999,419.15
MS,FEMININO,40 A 49,SUP. COMP,2.73,247.39999,1132.95
AL,MASCULINO,40 A 49,FUND COMPL,17.389999,256.70001,7216.849585
SP,MASCULINO,40 A 49,SUP. COMP,37.700001,122.2,15645.500415
SP,FEMININO,40 A 49,5.A CO FUND,3.0999999,210.89999,1286.4999584999998
RS,FEMININO,40 A 49,MEDIO COMPL,9.21,248.60001,3822.1500000000005
MG,MASCULINO,40 A 49,5.A CO FUND,1.28,37.900002,531.2
PR,FEMININO,30 A 39,FUND COMPL,1.35,196.89999,560.25
RJ,FEMININO,40 A 49,SUP. COMP,6.04,238.3,2506.6
PR,MASCULINO,40 A 49,MEDIO COMPL,7.4400001,318.89999,3087.6000415
PB,MASCULINO,40 A 49,SUP. COMP,2.4200001,284.89999,1004.3000415000001
SP,FEMININO,30 A 39,SUP. COMP,4.7800002,125.8,1983.700083
SP,MASCULINO,30 A 39,MEDIO COMPL,5.4899998,34.799999,2278.349917
RJ,MASCULINO,40 A 49,MEDIO COMPL,3.3699999,251.0,1398.5499585
SE,MASCULINO,30 A 39,SUP. COMP,1.58,106.9,655.7
BA,FEMININO,50 A 64,MEDIO COMPL,1.7,316.5,705.5
RN,FEMININO,40 A 49,MEDIO COMPL,1.2,263.89999,498.0
SP,FEMININO,40 A 49,MEDIO COMPL,0.66000003,196.8,273.90001244999996
RJ,MASCULINO,50 A 64,MEDIO COMPL,1.45,329.0,601.75
BA,MASCULINO,40 A 49,SUP. COMP,18.530001,13.8,7689.950414999999
RS,MASCULINO,50 A 64,FUND COMPL,1.7,373.39999,705.5
PR,FEMININO,50 A 64,MEDIO COMPL,5.7399998,211.5,2382.099917
SP,MASCULINO,40 A 49,MEDIO COMPL,6.1100001,107.9,2535.6500415
MG,MASCULINO,50 A 64,FUND COMPL,7.0900002,196.39999,2942.3500830000003
MG,FEMININO,50 A 64,SUP. COMP,1.65,406.89999,684.75
SP,MASCULINO,50 A 64,6. A 9. FUND,7.6999998,171.89999,3195.4999169999996
SP,MASCULINO,30 A 39,SUP. COMP,7.5500002,5.9000001,3133.2500830000004
ES,MASCULINO,50 A 64,MEDIO INCOMP,4.5100002,2.0,1871.6500830000002
MS,FEMININO,30 A 39,SUP. COMP,4.3800001,105.2,1817.7000415
ES,MASCULINO,50 A 64,MEDIO COMPL,2.8099999,219.60001,1166.1499585000001
RJ,FEMININO,40 A 49,MEDIO COMPL,4.5100002,157.89999,1871.6500830000002
PR,FEMININO,50 A 64,SUP. COMP,9.7799997,249.89999,4058.6998755
SP,MASCULINO,40 A 49,MEDIO COMPL,5.5799999,224.3,2315.6999585
RS,MASCULINO,40 A 49,SUP. INCOMP,4.8000002,227.0,1992.0000830000001
SP,MASCULINO,50 A 64,MEDIO INCOMP,2.3800001,247.7,987.7000415000001
MG,FEMININO,50 A 64,SUP. COMP,1.48,256.39999,614.2
RS,FEMININO,50 A 64,FUND COMPL,2.28,315.29999,946.1999999999999
PR,MASCULINO,40 A 49,MEDIO COMPL,5.3400002,199.39999,2216.1000830000003
SP,FEMININO,40 A 49,SUP. INCOMP,3.96,172.0,1643.4
MS,FEMININO,40 A 49,5.A CO FUND,3.5999999,184.7,1493.9999584999998
CE,FEMININO,30 A 39,SUP. COMP,1.7,177.89999,705.5
SP,MASCULINO,50 A 64,FUND COMPL,2.3699999,316.89999,983.5499584999999
RJ,FEMININO,40 A 49,SUP. COMP,6.6199999,331.70001,2747.2999585
RO,MASCULINO,50 A 64,6. A 9. FUND,5.2600002,310.0,2182.900083
RS,MASCULINO,40 A 49,6. A 9. FUND,4.3400002,234.10001,1801.1000830000003
SP,MASCULINO,30 A 39,MEDIO COMPL,7.0,173.5,2905.0
GO,FEMININO,50 A 64,MEDIO COMPL,2.3299999,425.10001,966.9499584999999
SP,MASCULINO,50 A 64,5.A CO FUND,4.02,167.89999,1668.2999999999997
GO,FEMININO,50 A 64,FUND COMPL,1.58,316.5,655.7
PI,FEMININO,50 A 64,SUP. INCOMP,3.4200001,386.60001,1419.3000415000001
SP,MASCULINO,40 A 49,MEDIO COMPL,4.1599998,62.700001,1726.3999169999997
SP,MASCULINO,30 A 39,MEDIO COMPL,6.48,89.400002,2689.2000000000003
MG,MASCULINO,40 A 49,SUP. COMP,6.3400002,143.2,2631.1000830000003
RS,MASCULINO,40 A 49,SUP. COMP,21.07,239.39999,8744.05
PI,MASCULINO,30 A 39,MEDIO COMPL,1.1,162.39999,456.50000000000006
SP,MASCULINO,50 A 64,SUP. COMP,5.9200001,262.39999,2456.8000415
AL,MASCULINO,50 A 64,6. A 9. FUND,1.51,165.89999,626.65
AL,FEMININO,40 A 49,MEDIO COMPL,1.55,167.89999,643.25
SP,MASCULINO,40 A 49,MEDIO COMPL,5.7600002,40.900002,2390.400083
PR,FEMININO,40 A 49,SUP. COMP,2.52,186.7,1045.8
SP,FEMININO,40 A 49,FUND COMPL,5.3200002,187.8,2207.800083
PR,MASCULINO,40 A 49,6. A 9. FUND,1.9299999,88.800003,800.9499585000001
PA,FEMININO,40 A 49,ATE 5.A INC,1.0,19.9,415.0
SP,FEMININO,40 A 49,SUP. COMP,6.6999998,107.6,2780.4999169999996
PI,FEMININO,40 A 49,SUP. COMP,3.3,258.0,1369.5
CE,MASCULINO,50 A 64,FUND COMPL,1.24,310.89999,514.6
RS,MASCULINO,30 A 39,MEDIO COMPL,5.9899998,154.5,2485.849917
SP,FEMININO,40 A 49,MEDIO COMPL,1.54,153.60001,639.1
SP,FEMININO,50 A 64,FUND COMPL,4.8699999,193.39999,2021.0499585
MG,MASCULINO,30 A 39,6. A 9. FUND,3.6099999,41.5,1498.1499585
SP,FEMININO,40 A 49,MEDIO COMPL,10.89,215.3,4519.35
SP,FEMININO,40 A 49,MEDIO COMPL,9.4099998,209.2,3905.1499169999997
SP,FEMININO,40 A 49,SUP. COMP,40.220001,47.900002,16691.300415
PB,FEMININO,40 A 49,5.A CO FUND,1.03,172.89999,427.45
RJ,MASCULINO,50 A 64,SUP. COMP,51.950001,245.89999,21559.250415
AM,MASCULINO,30 A 39,MEDIO COMPL,2.5699999,176.10001,1066.5499585
RS,FEMININO,30 A 39,MEDIO COMPL,10.0,174.2,4150.0
PB,FEMININO,50 A 64,SUP. COMP,2.77,333.10001,1149.55
RS,MASCULINO,30 A 39,6. A 9. FUND,4.3600001,86.900002,1809.4000414999998
RJ,MASCULINO,40 A 49,FUND COMPL,2.8,177.3,1162.0
RJ,MASCULINO,40 A 49,FUND COMPL,3.2,76.599998,1328.0
MG,FEMININO,40 A 49,MEDIO COMPL,0.37,159.5,153.55
PI,FEMININO,50 A 64,SUP. COMP,3.6700001,335.89999,1523.0500415000001
SP,MASCULINO,40 A 49,MEDIO COMPL,13.29,83.900002,5515.349999999999
MG,MASCULINO,50 A 64,MEDIO COMPL,7.5799999,148.89999,3145.6999585
SP,FEMININO,40 A 49,SUP. COMP,8.5900002,106.7,3564.8500830000003
MG,FEMININO,40 A 49,SUP. COMP,17.6,220.89999,7304.000000000001
RJ,FEMININO,50 A 64,SUP. COMP,2.5699999,113.6,1066.5499585
PR,MASCULINO,30 A 39,MEDIO COMPL,3.4200001,5.9000001,1419.3000415000001
SP,FEMININO,40 A 49,FUND COMPL,1.89,158.2,784.3499999999999
MG,MASCULINO,40 A 49,MEDIO COMPL,3.54,220.89999,1469.1
MG,FEMININO,40 A 49,SUP. COMP,28.1,178.89999,11661.5
RS,FEMININO,40 A 49,SUP. COMP,11.44,201.10001,4747.599999999999
MG,FEMININO,50 A 64,5.A CO FUND,2.6099999,255.60001,1083.1499585
SP,MASCULINO,40 A 49,MEDIO COMPL,5.02,203.7,2083.2999999999997
RJ,MASCULINO,50 A 64,SUP. COMP,12.24,381.39999,5079.6
RS,MASCULINO,40 A 49,MEDIO COMPL,6.7399998,89.199997,2797.099917
BA,MASCULINO,40 A 49,5.A CO FUND,1.02,338.70001,423.3
RJ,FEMININO,50 A 64,FUND COMPL,1.75,91.699997,726.25
RN,FEMININO,30 A 39,MEDIO COMPL,1.05,64.900002,435.75
RJ,MASCULINO,30 A 39,SUP. COMP,18.549999,24.9,7698.249585
PA,MASCULINO,50 A 64,MEDIO INCOMP,9.0799999,365.89999,3768.1999585000003
SP,MASCULINO,40 A 49,SUP. COMP,11.96,28.5,4963.400000000001
SP,MASCULINO,40 A 49,6. A 9. FUND,5.23,210.3,2170.4500000000003
SP,MASCULINO,50 A 64,MEDIO COMPL,6.3699999,120.0,2643.5499585
MG,MASCULINO,30 A 39,MEDIO INCOMP,1.25,160.7,518.75
SP,MASCULINO,40 A 49,5.A CO FUND,2.45,141.5,1016.7500000000001
PR,FEMININO,30 A 39,SUP. COMP,4.2199998,37.200001,1751.299917
MG,MASCULINO,40 A 49,SUP. COMP,7.2600002,143.39999,3012.900083
SP,FEMININO,30 A 39,MEDIO COMPL,1.9,194.10001,788.5
SP,FEMININO,40 A 49,MEDIO COMPL,1.04,181.2,431.6
SP,MASCULINO,50 A 64,MEDIO COMPL,5.1999998,88.900002,2157.9999169999996
SP,FEMININO,30 A 39,6. A 9. FUND,2.1199999,74.900002,879.7999584999999
SP,FEMININO,40 A 49,SUP. COMP,5.1799998,166.3,2149.699917
SP,FEMININO,50 A 64,SUP. COMP,3.78,190.7,1568.6999999999998
PR,FEMININO,30 A 39,MEDIO COMPL,2.0599999,187.89999,854.8999585000001
CE,MASCULINO,30 A 39,MEDIO COMPL,1.37,72.900002,568.5500000000001
GO,MASCULINO,40 A 49,6. A 9. FUND,2.0,172.89999,830.0
SP,MASCULINO,30 A 39,6. A 9. FUND,2.8499999,30.9,1182.7499584999998
RN,FEMININO,40 A 49,SUP. COMP,22.780001,192.0,9453.700415
SP,MASCULINO,30 A 39,MEDIO INCOMP,2.74,198.89999,1137.1000000000001
RS,MASCULINO,40 A 49,5.A CO FUND,1.67,224.8,693.05
SE,FEMININO,50 A 64,6. A 9. FUND,2.0799999,360.29999,863.1999584999999
PR,MASCULINO,50 A 64,MEDIO INCOMP,2.51,4.5,1041.6499999999999
RS,FEMININO,40 A 49,MEDIO COMPL,4.4200001,186.3,1834.3000415000001
SP,FEMININO,30 A 39,SUP. COMP,9.3199997,244.0,3867.7998755000003
AL,MASCULINO,40 A 49,MEDIO COMPL,1.28,260.89999,531.2
SP,FEMININO,50 A 64,MEDIO COMPL,1.79,376.60001,742.85
SP,FEMININO,40 A 49,SUP. INCOMP,8.3900003,25.9,3481.8501245
MG,MASCULINO,40 A 49,SUP. COMP,4.4899998,165.7,1863.3499169999998
RS,MASCULINO,40 A 49,SUP. COMP,23.07,216.39999,9574.05
MG,FEMININO,40 A 49,6. A 9. FUND,1.55,190.39999,643.25
CE,MASCULINO,50 A 64,SUP. COMP,3.46,317.20001,1435.9
RS,MASCULINO,40 A 49,SUP. COMP,10.2,33.900002,4233.0
DF,FEMININO,50 A 64,MEDIO COMPL,2.24,277.29999,929.6000000000001
MS,FEMININO,40 A 49,6. A 9. FUND,1.15,170.89999,477.24999999999994
PR,MASCULINO,30 A 39,MEDIO COMPL,2.8,198.7,1162.0
SC,MASCULINO,40 A 49,5.A CO FUND,3.1800001,165.5,1319.7000415
SP,MASCULINO,50 A 64,5.A CO FUND,12.45,421.5,5166.75
SC,MASCULINO,50 A 64,5.A CO FUND,5.73,262.89999,2377.9500000000003
ES,MASCULINO,40 A 49,MEDIO COMPL,4.8099999,0.89999998,1996.1499585000001
RS,FEMININO,40 A 49,MEDIO COMPL,10.4,171.0,4316.0
MG,MASCULINO,30 A 39,FUND COMPL,8.6999998,62.5,3610.499917
MG,FEMININO,50 A 64,MEDIO COMPL,2.8299999,252.2,1174.4499584999999
SP,FEMININO,50 A 64,MEDIO COMPL,9.54,250.10001,3959.0999999999995
RJ,FEMININO,40 A 49,5.A CO FUND,1.13,186.89999,468.94999999999993
RJ,FEMININO,50 A 64,SUP. COMP,6.5500002,274.5,2718.2500830000004
SP,FEMININO,50 A 64,MEDIO COMPL,2.28,196.39999,946.1999999999999
PR,FEMININO,50 A 64,5.A CO FUND,1.41,91.900002,585.15
SP,FEMININO,30 A 39,SUP. COMP,9.6700001,196.10001,4013.0500414999997
RS,FEMININO,30 A 39,SUP. INCOMP,11.19,41.400002,4643.849999999999
PB,MASCULINO,40 A 49,SUP. COMP,1.97,178.89999,817.55
RJ,MASCULINO,50 A 64,ATE 5.A INC,5.3200002,352.70001,2207.800083
PR,FEMININO,40 A 49,MEDIO COMPL,4.8499999,272.5,2012.7499585
RJ,MASCULINO,30 A 39,FUND COMPL,1.25,12.9,518.75
SC,MASCULINO,40 A 49,MEDIO COMPL,5.5599999,35.900002,2307.3999585
ES,MASCULINO,50 A 64,5.A CO FUND,1.04,193.89999,431.6
AM,FEMININO,50 A 64,MEDIO COMPL,4.9899998,344.0,2070.849917
PE,FEMININO,40 A 49,SUP. COMP,2.25,232.89999,933.75
SP,MASCULINO,50 A 64,FUND COMPL,3.0799999,234.7,1278.1999584999999
MG,FEMININO,30 A 39,MEDIO COMPL,1.41,109.9,585.15
PE,MASCULINO,40 A 49,ATE 5.A INC,1.1,270.70001,456.50000000000006
RS,FEMININO,50 A 64,MEDIO COMPL,6.5300002,372.29999,2709.950083
SP,FEMININO,40 A 49,SUP. COMP,9.0699997,353.70001,3764.0498755000003
AM,MASCULINO,40 A 49,5.A CO FUND,1.55,292.20001,643.25
SP,FEMININO,40 A 49,SUP. COMP,7.0100002,157.7,2909.150083
SP,FEMININO,50 A 64,FUND COMPL,2.02,193.8,838.3
MA,FEMININO,40 A 49,FUND COMPL,1.27,192.89999,527.05
SC,MASCULINO,40 A 49,SUP. COMP,18.780001,235.7,7793.700414999999
SP,FEMININO,40 A 49,SUP. COMP,2.9300001,211.3,1215.9500415
PR,MASCULINO,40 A 49,SUP. COMP,37.380001,249.39999,15512.700415
SC,MASCULINO,40 A 49,MEDIO COMPL,7.4699998,35.900002,3100.049917
SP,MASCULINO,50 A 64,5.A CO FUND,1.5,235.89999,622.5
BA,FEMININO,50 A 64,MEDIO COMPL,4.8800001,389.60001,2025.2000415
PR,FEMININO,30 A 39,6. A 9. FUND,2.3099999,164.89999,958.6499585000001
PB,FEMININO,50 A 64,SUP. COMP,4.6300001,337.79999,1921.4500415
PE,MASCULINO,50 A 64,MEDIO COMPL,1.4,333.79999,581.0
SP,MASCULINO,50 A 64,5.A CO FUND,2.4300001,71.900002,1008.4500415
AM,FEMININO,50 A 64,SUP. COMP,4.1799998,154.89999,1734.699917
RS,MASCULINO,40 A 49,MEDIO COMPL,7.3099999,177.0,3033.6499585
SP,FEMININO,30 A 39,SUP. COMP,9.3299999,155.2,3871.9499585000003
AL,FEMININO,40 A 49,SUP. COMP,3.72,307.89999,1543.8000000000002
MG,FEMININO,40 A 49,MEDIO INCOMP,1.7,79.900002,705.5
RS,FEMININO,50 A 64,MEDIO COMPL,8.1199999,261.60001,3369.7999585
SP,MASCULINO,50 A 64,SUP. COMP,22.84,181.89999,9478.6
BA,FEMININO,40 A 49,SUP. COMP,6.1599998,164.89999,2556.3999169999997
RJ,MASCULINO,50 A 64,5.A CO FUND,2.75,260.70001,1141.25
SP,MASCULINO,30 A 39,6. A 9. FUND,3.77,167.2,1564.55
AL,FEMININO,50 A 64,FUND COMPL,1.85,321.0,767.75
RJ,FEMININO,40 A 49,SUP. COMP,3.8,21.9,1577.0
SC,MASCULINO,30 A 39,MEDIO COMPL,2.54,35.900002,1054.1
MG,FEMININO,40 A 49,5.A CO FUND,1.27,227.89999,527.05
SC,MASCULINO,40 A 49,5.A CO FUND,1.6799999,247.60001,697.1999585000001
PA,FEMININO,50 A 64,MEDIO COMPL,1.3,236.39999,539.5
SP,FEMININO,50 A 64,MEDIO COMPL,20.01,281.60001,8304.150000000001
MG,FEMININO,40 A 49,SUP. COMP,2.04,146.0,846.6
RJ,MASCULINO,40 A 49,MEDIO INCOMP,4.7800002,184.60001,1983.700083
SP,MASCULINO,50 A 64,6. A 9. FUND,2.0799999,16.799999,863.1999584999999
DF,FEMININO,40 A 49,SUP. INCOMP,22.940001,316.10001,9520.100414999999
RS,MASCULINO,30 A 39,6. A 9. FUND,2.04,169.89999,846.6
RN,FEMININO,30 A 39,MEDIO COMPL,2.5599999,143.39999,1062.3999585000001
PR,FEMININO,40 A 49,MEDIO COMPL,1.08,187.89999,448.20000000000005
PR,MASCULINO,40 A 49,5.A CO FUND,1.26,168.89999,522.9
MG,FEMININO,50 A 64,MEDIO COMPL,7.7800002,272.39999,3228.700083
SP,FEMININO,50 A 64,SUP. COMP,13.26,345.39999,5502.9
CE,FEMININO,50 A 64,5.A CO FUND,1.0,190.89999,415.0
RJ,FEMININO,40 A 49,FUND COMPL,1.5599999,206.89999,647.3999585
SP,MASCULINO,40 A 49,FUND COMPL,3.1400001,76.900002,1303.1000415
CE,MASCULINO,50 A 64,5.A CO FUND,1.54,148.89999,639.1
RJ,MASCULINO,40 A 49,MEDIO COMPL,2.9300001,143.89999,1215.9500415
PE,FEMININO,30 A 39,MEDIO INCOMP,1.24,158.89999,514.6
MG,MASCULINO,40 A 49,MEDIO INCOMP,2.22,131.3,921.3000000000001
PR,FEMININO,50 A 64,SUP. COMP,2.27,297.89999,942.05
MG,FEMININO,40 A 49,MEDIO COMPL,3.28,270.89999,1361.1999999999998
SP,FEMININO,30 A 39,SUP. INCOMP,2.6600001,124.3,1103.9000415
GO,FEMININO,50 A 64,5.A CO FUND,1.46,198.89999,605.9
RJ,MASCULINO,50 A 64,FUND COMPL,1.13,99.800003,468.94999999999993
AP,MASCULINO,40 A 49,SUP. COMP,20.940001,258.70001,8690.100414999999
RJ,MASCULINO,40 A 49,MEDIO INCOMP,2.23,84.300003,925.45
SE,FEMININO,40 A 49,6. A 9. FUND,1.53,279.39999,634.95
RJ,FEMININO,50 A 64,MEDIO COMPL,1.74,187.5,722.1
SC,FEMININO,30 A 39,MEDIO COMPL,10.59,88.900002,4394.85
RS,MASCULINO,40 A 49,SUP. COMP,8.1099997,228.8,3365.6498755
BA,MASCULINO,50 A 64,MEDIO COMPL,4.3099999,419.89999,1788.6499585000001
PR,MASCULINO,40 A 49,SUP. COMP,10.84,245.8,4498.6
MG,MASCULINO,40 A 49,SUP. COMP,18.379999,26.200001,7627.699585
RJ,FEMININO,50 A 64,MEDIO COMPL,5.6599998,201.7,2348.8999169999997
RN,MASCULINO,40 A 49,FUND COMPL,6.7399998,253.3,2797.099917
SC,MASCULINO,40 A 49,SUP. COMP,7.4099998,245.8,3075.1499169999997
PE,MASCULINO,40 A 49,FUND COMPL,1.49,294.89999,618.35
MG,FEMININO,50 A 64,SUP. COMP,2.4300001,179.2,1008.4500415
ES,MASCULINO,50 A 64,6. A 9. FUND,1.4,159.10001,581.0
SP,FEMININO,50 A 64,FUND COMPL,1.89,18.9,784.3499999999999
MG,MASCULINO,40 A 49,MEDIO COMPL,4.6199999,350.89999,1917.2999585
SP,FEMININO,40 A 49,SUP. COMP,11.17,147.39999,4635.55
SP,FEMININO,50 A 64,SUP. INCOMP,17.08,63.900002,7088.199999999999
RJ,MASCULINO,40 A 49,SUP. COMP,26.15,321.89999,10852.25
ES,MASCULINO,50 A 64,ATE 5.A INC,1.27,223.89999,527.05
PR,MASCULINO,40 A 49,SUP. COMP,4.4400001,261.60001,1842.6000414999999
CE,MASCULINO,50 A 64,FUND COMPL,7.21,189.39999,2992.15
SC,MASCULINO,40 A 49,6. A 9. FUND,2.6700001,237.5,1108.0500415000001
RJ,MASCULINO,40 A 49,5.A CO FUND,2.55,329.79999,1058.25
RR,FEMININO,50 A 64,MEDIO COMPL,5.7199998,377.39999,2373.799917
GO,MASCULINO,40 A 49,FUND COMPL,2.28,199.5,946.1999999999999
SP,MASCULINO,40 A 49,MEDIO COMPL,3.03,2.0,1257.4499999999998
MG,FEMININO,50 A 64,MEDIO COMPL,1.3099999,256.60001,543.6499585
PR,MASCULINO,40 A 49,SUP. INCOMP,4.8000002,101.9,1992.0000830000001
SC,MASCULINO,40 A 49,5.A CO FUND,2.2,162.3,913.0000000000001
MG,MASCULINO,40 A 49,FUND COMPL,4.6900001,211.89999,1946.3500414999999
PR,MASCULINO,40 A 49,ATE 5.A INC,2.45,173.5,1016.7500000000001
RS,MASCULINO,40 A 49,FUND COMPL,5.1999998,3.5,2157.9999169999996
PB,FEMININO,40 A 49,MEDIO COMPL,15.96,27.9,6623.400000000001
MS,MASCULINO,40 A 49,6. A 9. FUND,3.5599999,234.89999,1477.3999585000001
PR,FEMININO,50 A 64,MEDIO COMPL,6.48,218.39999,2689.2000000000003
RJ,MASCULINO,40 A 49,FUND COMPL,1.6,274.89999,664.0
CE,FEMININO,50 A 64,SUP. COMP,6.5599999,339.89999,2722.3999585
DF,MASCULINO,50 A 64,MEDIO COMPL,16.49,70.400002,6843.349999999999
SP,FEMININO,50 A 64,MEDIO COMPL,2.04,260.10001,846.6
SP,FEMININO,40 A 49,SUP. COMP,6.3299999,278.89999,2626.9499585
SP,FEMININO,40 A 49,SUP. COMP,9.5100002,234.8,3946.650083
SE,FEMININO,50 A 64,ATE 5.A INC,1.0,263.39999,415.0
SP,FEMININO,40 A 49,SUP. COMP,1.97,247.89999,817.55
SP,FEMININO,40 A 49,MEDIO INCOMP,3.21,239.2,1332.15
SP,MASCULINO,40 A 49,MEDIO COMPL,17.52,40.900002,7270.8
BA,MASCULINO,25 A 29,SUP. COMP,2.1600001,166.5,896.4000415
MG,MASCULINO,50 A 64,FUND COMPL,3.5699999,112.2,1481.5499585
SP,FEMININO,40 A 49,FUND COMPL,1.9400001,188.89999,805.1000415
MG,MASCULINO,40 A 49,MEDIO INCOMP,1.85,1.9,767.75
SP,MASCULINO,30 A 39,5.A CO FUND,2.8599999,192.89999,1186.8999585
RS,MASCULINO,50 A 64,6. A 9. FUND,5.1999998,235.39999,2157.9999169999996
SC,MASCULINO,50 A 64,SUP. COMP,3.9000001,345.0,1618.5000415000002
SP,MASCULINO,50 A 64,SUP. COMP,22.99,240.60001,9540.849999999999
SP,FEMININO,40 A 49,SUP. COMP,2.1600001,237.89999,896.4000415
SP,MASCULINO,40 A 49,5.A CO FUND,2.73,18.299999,1132.95
MG,FEMININO,40 A 49,SUP. COMP,4.29,167.39999,1780.35
SP,FEMININO,40 A 49,6. A 9. FUND,1.89,225.7,784.3499999999999
SP,MASCULINO,40 A 49,5.A CO FUND,2.3399999,178.60001,971.0999585
SP,MASCULINO,50 A 64,5.A CO FUND,4.5700002,318.39999,1896.550083
SP,MASCULINO,30 A 39,6. A 9. FUND,2.0999999,187.89999,871.4999584999999
RJ,MASCULINO,40 A 49,5.A CO FUND,3.8199999,219.60001,1585.2999585
RS,MASCULINO,30 A 39,SUP. INCOMP,2.97,134.89999,1232.5500000000002
SP,FEMININO,50 A 64,SUP. COMP,3.3599999,52.900002,1394.3999585
SP,MASCULINO,40 A 49,MEDIO COMPL,6.0599999,235.89999,2514.8999585
PI,FEMININO,40 A 49,MEDIO COMPL,2.2,297.89999,913.0000000000001
MA,FEMININO,50 A 64,SUP. COMP,5.6900001,55.0,2361.3500415
PR,FEMININO,40 A 49,ATE 5.A INC,1.26,165.89999,522.9
PB,FEMININO,40 A 49,SUP. COMP,7.9899998,247.3,3315.849917
MA,FEMININO,30 A 39,ATE 5.A INC,1.0,242.5,415.0
AL,MASCULINO,40 A 49,ATE 5.A INC,2.3199999,291.20001,962.7999585
SP,FEMININO,40 A 49,SUP. INCOMP,24.049999,5.9000001,9980.749585
SP,MASCULINO,50 A 64,MEDIO COMPL,8.1599998,255.89999,3386.3999169999997
CE,MASCULINO,30 A 39,MEDIO COMPL,3.0599999,88.900002,1269.8999585000001
RJ,FEMININO,50 A 64,SUP. COMP,5.54,83.300003,2299.1
SP,FEMININO,40 A 49,SUP. COMP,13.3,7.9000001,5519.5
SP,MASCULINO,40 A 49,FUND COMPL,3.1300001,230.8,1298.9500415
SC,MASCULINO,30 A 39,SUP. COMP,16.110001,149.8,6685.650415
SP,MASCULINO,30 A 39,FUND COMPL,2.54,32.299999,1054.1
RS,MASCULINO,40 A 49,SUP. COMP,17.5,299.60001,7262.5
RJ,FEMININO,50 A 64,SUP. COMP,2.1600001,257.89999,896.4000415
MG,MASCULINO,30 A 39,MEDIO COMPL,10.67,191.8,4428.05
PB,FEMININO,40 A 49,SUP. COMP,1.53,319.89999,634.95
RS,FEMININO,50 A 64,SUP. COMP,4.8299999,285.60001,2004.4499584999999
CE,FEMININO,50 A 64,MEDIO COMPL,1.01,319.5,419.15
BA,FEMININO,50 A 64,MEDIO COMPL,4.7399998,151.8,1967.0999169999998
AC,MASCULINO,50 A 64,SUP. INCOMP,4.48,375.5,1859.2000000000003
PR,MASCULINO,40 A 49,6. A 9. FUND,2.8099999,35.900002,1166.1499585000001
RJ,MASCULINO,50 A 64,SUP. COMP,8.7299995,358.60001,3622.9497925
PA,FEMININO,40 A 49,MEDIO COMPL,1.6799999,1.9,697.1999585000001
RS,MASCULINO,40 A 49,SUP. COMP,11.88,211.5,4930.200000000001
PE,FEMININO,40 A 49,SUP. COMP,0.70999998,85.900002,294.6499917
SP,FEMININO,40 A 49,SUP. COMP,5.0799999,205.0,2108.1999585
PR,FEMININO,50 A 64,SUP. COMP,6.5300002,269.0,2709.950083
DF,MASCULINO,40 A 49,SUP. INCOMP,29.82,183.89999,12375.3
PA,MASCULINO,40 A 49,MEDIO COMPL,5.5999999,274.5,2323.9999585
SP,FEMININO,40 A 49,SUP. COMP,8.7700005,40.799999,3639.5502075
RJ,FEMININO,40 A 49,SUP. COMP,3.51,152.7,1456.6499999999999
PA,FEMININO,50 A 64,SUP. COMP,18.59,191.60001,7714.85
SC,FEMININO,30 A 39,SUP. COMP,5.5100002,106.3,2286.650083
PE,FEMININO,30 A 39,MEDIO COMPL,2.6400001,183.89999,1095.6000415
PE,FEMININO,50 A 64,FUND COMPL,2.4400001,293.60001,1012.6000414999999
RJ,MASCULINO,40 A 49,SUP. COMP,12.13,257.29999,5033.950000000001
RS,FEMININO,40 A 49,SUP. COMP,7.5,244.7,3112.5
RJ,MASCULINO,50 A 64,ATE 5.A INC,1.89,159.89999,784.3499999999999
SC,MASCULINO,50 A 64,SUP. COMP,11.95,370.70001,4959.25
SP,MASCULINO,50 A 64,MEDIO COMPL,3.26,191.8,1352.8999999999999
MG,MASCULINO,40 A 49,FUND COMPL,3.24,9.8999996,1344.6000000000001
DF,FEMININO,50 A 64,SUP. COMP,12.06,328.70001,5004.900000000001
SP,FEMININO,50 A 64,6. A 9. FUND,15.09,37.900002,6262.35
BA,FEMININO,50 A 64,5.A CO FUND,1.41,271.29999,585.15
MG,FEMININO,40 A 49,SUP. COMP,8.5799999,250.2,3560.6999585000003
PR,FEMININO,50 A 64,5.A CO FUND,1.7,205.3,705.5
RJ,MASCULINO,40 A 49,SUP. COMP,3.9300001,150.10001,1630.9500415
SP,MASCULINO,50 A 64,5.A CO FUND,7.3400002,248.60001,3046.1000830000003
RS,MASCULINO,40 A 49,MEDIO COMPL,2.5599999,221.89999,1062.3999585000001
MT,MASCULINO,50 A 64,SUP. COMP,5.3099999,177.60001,2203.6499585
SP,FEMININO,40 A 49,SUP. COMP,11.44,348.70001,4747.599999999999
RS,MASCULINO,40 A 49,6. A 9. FUND,3.0999999,210.60001,1286.4999584999998
ES,FEMININO,40 A 49,SUP. COMP,21.52,157.2,8930.8
RS,FEMININO,30 A 39,SUP. COMP,2.22,162.7,921.3000000000001
SP,FEMININO,50 A 64,MEDIO COMPL,2.3099999,195.2,958.6499585000001
SP,MASCULINO,40 A 49,SUP. INCOMP,1.53,95.5,634.95
SP,MASCULINO,40 A 49,MEDIO COMPL,4.0100002,76.900002,1664.1500830000002
SP,MASCULINO,50 A 64,MEDIO COMPL,4.8600001,271.39999,2016.9000414999998
SP,MASCULINO,40 A 49,FUND COMPL,2.1900001,135.89999,908.8500414999999
RS,FEMININO,50 A 64,SUP. COMP,2.6600001,308.10001,1103.9000415
SP,MASCULINO,40 A 49,SUP. COMP,22.780001,211.5,9453.700415
PB,MASCULINO,40 A 49,SUP. COMP,4.6199999,259.10001,1917.2999585
RS,FEMININO,30 A 39,FUND COMPL,4.8499999,213.8,2012.7499585
SE,FEMININO,40 A 49,SUP. COMP,9.3299999,247.60001,3871.9499585000003
GO,MASCULINO,40 A 49,FUND COMPL,1.92,74.800003,796.8
CE,MASCULINO,50 A 64,6. A 9. FUND,9.1999998,302.79999,3817.999917
MG,FEMININO,50 A 64,ATE 5.A INC,1.38,250.7,572.6999999999999
SP,MASCULINO,30 A 39,SUP. INCOMP,11.23,4.9000001,4660.45
RS,FEMININO,30 A 39,SUP. COMP,3.45,14.7,1431.75
RJ,FEMININO,40 A 49,FUND COMPL,1.26,119.9,522.9
SP,FEMININO,40 A 49,SUP. COMP,20.09,274.70001,8337.35
RN,FEMININO,50 A 64,SUP. COMP,5.6599998,369.89999,2348.8999169999997
PR,MASCULINO,50 A 64,6. A 9. FUND,1.9,176.8,788.5
DF,MASCULINO,40 A 49,MEDIO COMPL,9.8299999,166.89999,4079.4499585000003
SP,MASCULINO,30 A 39,5.A CO FUND,2.1500001,209.89999,892.2500415000001
AL,FEMININO,50 A 64,MEDIO COMPL,3.75,514.40002,1556.25
RS,FEMININO,50 A 64,SUP. COMP,3.0799999,200.5,1278.1999584999999
CE,MASCULINO,40 A 49,FUND COMPL,4.7399998,270.70001,1967.0999169999998
SC,FEMININO,40 A 49,SUP. COMP,13.6,124.9,5644.0
SP,FEMININO,50 A 64,MEDIO INCOMP,0.51999998,239.60001,215.79999170000002
PE,MASCULINO,30 A 39,6. A 9. FUND,1.45,34.900002,601.75
RJ,FEMININO,40 A 49,6. A 9. FUND,1.21,366.89999,502.15
MS,FEMININO,50 A 64,SUP. COMP,3.8299999,351.89999,1589.4499584999999
SP,MASCULINO,40 A 49,MEDIO COMPL,12.61,202.39999,5233.15
MT,FEMININO,40 A 49,6. A 9. FUND,1.5599999,271.0,647.3999585
MA,FEMININO,40 A 49,MEDIO COMPL,1.0,369.89999,415.0
RJ,FEMININO,40 A 49,6. A 9. FUND,1.65,251.89999,684.75
SP,FEMININO,50 A 64,MEDIO COMPL,2.04,101.9,846.6
SP,FEMININO,40 A 49,SUP. COMP,5.3699999,202.60001,2228.5499585
SP,FEMININO,50 A 64,SUP. COMP,10.86,213.3,4506.9
SP,FEMININO,40 A 49,FUND COMPL,2.54,220.89999,1054.1
MG,MASCULINO,50 A 64,ATE 5.A INC,1.17,174.5,485.54999999999995
PI,MASCULINO,40 A 49,6. A 9. FUND,1.42,271.5,589.3
RJ,MASCULINO,30 A 39,FUND COMPL,1.22,208.89999,506.3
PR,FEMININO,40 A 49,SUP. COMP,2.4000001,200.5,996.0000415000001
BA,FEMININO,40 A 49,MEDIO COMPL,4.1399999,213.5,1718.0999585000002
GO,FEMININO,40 A 49,FUND COMPL,2.2,183.39999,913.0000000000001
BA,MASCULINO,50 A 64,MEDIO INCOMP,2.8499999,426.79999,1182.7499584999998
DF,FEMININO,40 A 49,SUP. COMP,16.18,210.60001,6714.7
BA,MASCULINO,50 A 64,6. A 9. FUND,1.58,270.89999,655.7
SP,FEMININO,50 A 64,SUP. COMP,8.1099997,76.5,3365.6498755
DF,FEMININO,50 A 64,MEDIO COMPL,22.74,312.79999,9437.099999999999
BA,MASCULINO,50 A 64,MEDIO COMPL,4.7800002,386.89999,1983.700083
SP,MASCULINO,40 A 49,5.A CO FUND,3.96,98.800003,1643.4
SP,FEMININO,40 A 49,MEDIO COMPL,8.8100004,193.60001,3656.150166
SP,MASCULINO,50 A 64,SUP. COMP,22.950001,268.29999,9524.250415
SP,MASCULINO,40 A 49,5.A CO FUND,6.4400001,93.900002,2672.6000415
PE,MASCULINO,30 A 39,ATE 5.A INC,3.6300001,129.89999,1506.4500415
PB,MASCULINO,30 A 39,6. A 9. FUND,1.74,5.9000001,722.1
PE,FEMININO,40 A 49,5.A CO FUND,1.1,240.39999,456.50000000000006
RJ,MASCULINO,40 A 49,MEDIO COMPL,3.0899999,2.9000001,1282.3499585
MG,MASCULINO,50 A 64,MEDIO COMPL,2.3699999,84.099998,983.5499584999999
SP,MASCULINO,50 A 64,SUP. COMP,12.05,207.89999,5000.75
MG,MASCULINO,40 A 49,MEDIO COMPL,2.1300001,220.89999,883.9500415000001
SP,FEMININO,50 A 64,SUP. COMP,2.73,265.89999,1132.95
BA,FEMININO,40 A 49,MEDIO COMPL,1.0,221.89999,415.0
AM,FEMININO,40 A 49,MEDIO COMPL,2.6500001,81.900002,1099.7500415000002
MA,FEMININO,50 A 64,5.A CO FUND,1.1900001,35.900002,493.8500415
PA,MASCULINO,50 A 64,6. A 9. FUND,1.35,465.89999,560.25
SP,FEMININO,50 A 64,SUP. COMP,16.08,197.3,6673.199999999999
CE,FEMININO,40 A 49,MEDIO COMPL,3.8800001,235.89999,1610.2000415
SP,MASCULINO,50 A 64,6. A 9. FUND,24.290001,358.89999,10080.350415
SP,MASCULINO,50 A 64,SUP. INCOMP,3.0999999,310.5,1286.4999584999998
MA,FEMININO,30 A 39,MEDIO COMPL,1.15,133.0,477.24999999999994
SP,MASCULINO,40 A 49,SUP. COMP,30.209999,1.9,12537.149585
MG,FEMININO,40 A 49,SUP. COMP,3.3,242.8,1369.5
RS,MASCULINO,40 A 49,MEDIO COMPL,8.6199999,77.900002,3577.2999585
CE,MASCULINO,30 A 39,MEDIO COMPL,1.11,167.39999,460.65000000000003
MG,MASCULINO,40 A 49,6. A 9. FUND,2.2,161.89999,913.0000000000001
RS,FEMININO,40 A 49,MEDIO COMPL,4.9400001,111.9,2050.1000415
RJ,MASCULINO,40 A 49,MEDIO COMPL,9.9799995,293.89999,4141.6997925
PA,MASCULINO,30 A 39,6. A 9. FUND,3.8599999,23.9,1601.8999585
RJ,FEMININO,30 A 39,MEDIO INCOMP,1.79,165.89999,742.85
SP,MASCULINO,40 A 49,6. A 9. FUND,5.04,214.89999,2091.6
RJ,FEMININO,40 A 49,SUP. COMP,14.13,171.2,5863.950000000001
RS,MASCULINO,30 A 39,MEDIO INCOMP,5.5700002,71.699997,2311.550083
RJ,MASCULINO,50 A 64,SUP. COMP,11.09,354.79999,4602.35
SP,MASCULINO,40 A 49,MEDIO INCOMP,2.3900001,3.9000001,991.8500415
MG,FEMININO,30 A 39,SUP. COMP,6.1599998,124.9,2556.3999169999997
MG,FEMININO,50 A 64,MEDIO COMPL,2.6500001,159.7,1099.7500415000002
SP,MASCULINO,40 A 49,MEDIO COMPL,8.6899996,122.4,3606.349834
PE,MASCULINO,40 A 49,ATE 5.A INC,1.04,41.799999,431.6
SP,MASCULINO,30 A 39,6. A 9. FUND,1.95,1.8,809.25
MG,MASCULINO,40 A 49,SUP. COMP,3.7,220.89999,1535.5
RJ,MASCULINO,50 A 64,FUND COMPL,2.47,47.599998,1025.0500000000002
RJ,FEMININO,40 A 49,FUND COMPL,5.9899998,316.60001,2485.849917
MT,FEMININO,40 A 49,SUP. COMP,11.91,258.20001,4942.65
SP,MASCULINO,30 A 39,MEDIO COMPL,5.0100002,175.60001,2079.150083
SP,FEMININO,50 A 64,FUND COMPL,0.47,290.20001,195.04999999999998
SP,FEMININO,50 A 64,SUP. COMP,9.6400003,205.3,4000.6001245
BA,FEMININO,50 A 64,6. A 9. FUND,1.73,344.39999,717.95
SP,MASCULINO,40 A 49,MEDIO COMPL,10.67,63.900002,4428.05
SP,MASCULINO,50 A 64,SUP. INCOMP,8.1199999,235.2,3369.7999585
SC,FEMININO,30 A 39,MEDIO COMPL,1.51,57.900002,626.65
CE,MASCULINO,40 A 49,MEDIO COMPL,13.39,147.89999,5556.85
MS,MASCULINO,40 A 49,FUND COMPL,1.34,183.89999,556.1
SP,MASCULINO,50 A 64,MEDIO COMPL,2.3399999,331.0,971.0999585
SP,MASCULINO,40 A 49,MEDIO COMPL,8.7799997,301.79999,3643.6998755
SC,FEMININO,50 A 64,SUP. COMP,2.6600001,270.60001,1103.9000415
BA,MASCULINO,40 A 49,MEDIO COMPL,3.4100001,13.9,1415.1500415
SP,MASCULINO,30 A 39,ATE 5.A INC,2.99,220.3,1240.8500000000001
MG,MASCULINO,40 A 49,SUP. COMP,2.04,178.89999,846.6
PA,FEMININO,40 A 49,SUP. INCOMP,1.25,271.5,518.75
MG,FEMININO,40 A 49,SUP. COMP,4.9299998,223.10001,2045.949917
MG,MASCULINO,50 A 64,FUND COMPL,2.8900001,102.9,1199.3500415
SP,MASCULINO,50 A 64,5.A CO FUND,4.0700002,56.900002,1689.050083
ES,FEMININO,50 A 64,SUP. COMP,3.96,207.2,1643.4
MS,MASCULINO,30 A 39,MEDIO COMPL,5.73,18.9,2377.9500000000003
PE,MASCULINO,40 A 49,SUP. COMP,8.9799995,231.5,3726.6997925
PB,MASCULINO,40 A 49,6. A 9. FUND,3.4200001,72.900002,1419.3000415000001
MG,FEMININO,18 A 24,FUND COMPL,1.02,4.9000001,423.3
PB,FEMININO,50 A 64,SUP. COMP,5.5900002,368.79999,2319.8500830000003
SP,FEMININO,40 A 49,MEDIO COMPL,1.67,256.29999,693.05
RJ,MASCULINO,40 A 49,FUND COMPL,1.54,261.89999,639.1
MS,MASCULINO,40 A 49,MEDIO INCOMP,3.0799999,46.900002,1278.1999584999999
MG,MASCULINO,40 A 49,SUP. COMP,43.91,27.9,18222.649999999998
PB,FEMININO,50 A 64,MEDIO COMPL,1.96,272.5,813.4
SP,MASCULINO,40 A 49,FUND COMPL,13.34,290.10001,5536.1
SP,MASCULINO,50 A 64,FUND COMPL,5.0599999,217.5,2099.8999585
RS,FEMININO,40 A 49,SUP. INCOMP,4.52,261.79999,1875.7999999999997
MG,MASCULINO,40 A 49,6. A 9. FUND,1.26,41.900002,522.9
SP,FEMININO,30 A 39,MEDIO COMPL,2.6500001,16.799999,1099.7500415000002
MG,MASCULINO,50 A 64,5.A CO FUND,2.72,261.89999,1128.8000000000002
RN,MASCULINO,30 A 39,MEDIO COMPL,4.21,69.900002,1747.15
SP,MASCULINO,40 A 49,MEDIO COMPL,7.0700002,235.60001,2934.050083
SP,MASCULINO,40 A 49,MEDIO COMPL,16.559999,112.9,6872.399585
PB,FEMININO,50 A 64,FUND COMPL,5.3699999,376.10001,2228.5499585
CE,FEMININO,50 A 64,5.A CO FUND,1.3,316.5,539.5
MG,MASCULINO,30 A 39,MEDIO COMPL,11.54,247.89999,4789.099999999999
RJ,FEMININO,40 A 49,SUP. COMP,3.51,214.89999,1456.6499999999999
RN,MASCULINO,40 A 49,MEDIO INCOMP,3.24,82.900002,1344.6000000000001
MG,FEMININO,30 A 39,6. A 9. FUND,1.16,214.89999,481.4
SP,FEMININO,40 A 49,MEDIO COMPL,9.5600004,233.10001,3967.400166
SC,MASCULINO,50 A 64,5.A CO FUND,3.1199999,189.5,1294.7999585
PE,FEMININO,40 A 49,FUND COMPL,1.05,173.60001,435.75
MG,MASCULINO,30 A 39,MEDIO COMPL,12.71,217.60001,5274.650000000001
SP,FEMININO,30 A 39,MEDIO COMPL,2.97,31.9,1232.5500000000002
SC,FEMININO,40 A 49,SUP. INCOMP,3.23,266.89999,1340.45
RJ,FEMININO,40 A 49,MEDIO COMPL,3.1600001,179.89999,1311.4000415
RJ,MASCULINO,40 A 49,MEDIO COMPL,6.8400002,342.39999,2838.6000830000003
SP,FEMININO,30 A 39,MEDIO COMPL,2.51,208.10001,1041.6499999999999
MG,FEMININO,40 A 49,SUP. COMP,2.1300001,284.89999,883.9500415000001
PR,FEMININO,30 A 39,FUND COMPL,5.9400001,126.3,2465.1000415
DF,MASCULINO,40 A 49,SUP. COMP,18.58,211.10001,7710.699999999999
BA,FEMININO,40 A 49,ATE 5.A INC,3.0599999,294.39999,1269.8999585000001
SP,MASCULINO,40 A 49,6. A 9. FUND,7.6599998,168.89999,3178.8999169999997
AC,FEMININO,40 A 49,FUND COMPL,5.0599999,305.89999,2099.8999585
ES,FEMININO,40 A 49,SUP. COMP,3.72,256.89999,1543.8000000000002
RJ,MASCULINO,40 A 49,MEDIO COMPL,6.7399998,255.89999,2797.099917
GO,FEMININO,50 A 64,ATE 5.A INC,1.2,208.3,498.0
SP,FEMININO,40 A 49,SUP. COMP,7.3800001,189.89999,3062.7000415
BA,MASCULINO,50 A 64,MEDIO COMPL,1.48,3.9000001,614.2
SP,FEMININO,50 A 64,SUP. COMP,31.459999,195.3,13055.899585
RS,MASCULINO,40 A 49,MEDIO COMPL,30.280001,218.60001,12566.200415
DF,MASCULINO,40 A 49,MEDIO COMPL,6.3800001,234.89999,2647.7000415
PI,FEMININO,50 A 64,SUP. INCOMP,3.24,385.60001,1344.6000000000001
MA,MASCULINO,30 A 39,MEDIO COMPL,1.6,129.8,664.0
PE,FEMININO,40 A 49,MEDIO COMPL,14.15,269.20001,5872.25
SP,FEMININO,30 A 39,SUP. COMP,5.0700002,236.60001,2104.050083
BA,MASCULINO,50 A 64,MEDIO COMPL,1.21,208.89999,502.15
SP,MASCULINO,40 A 49,FUND COMPL,2.5999999,187.7,1078.9999584999998
GO,FEMININO,30 A 39,MEDIO COMPL,3.3599999,102.5,1394.3999585
SP,FEMININO,30 A 39,6. A 9. FUND,1.58,197.39999,655.7
SP,MASCULINO,30 A 39,MEDIO COMPL,5.1399999,28.4,2133.0999585
MG,FEMININO,50 A 64,SUP. COMP,3.3399999,242.7,1386.0999585
PB,MASCULINO,40 A 49,SUP. COMP,17.0,201.7,7055.0
MG,MASCULINO,50 A 64,6. A 9. FUND,1.0,105.9,415.0
SP,MASCULINO,50 A 64,FUND COMPL,2.46,188.2,1020.9
SP,MASCULINO,50 A 64,SUP. COMP,12.81,30.9,5316.150000000001
SP,MASCULINO,30 A 39,5.A CO FUND,2.8399999,65.900002,1178.5999585
MS,MASCULINO,50 A 64,5.A CO FUND,1.91,160.89999,792.65
PR,FEMININO,50 A 64,SUP. COMP,8.8400002,329.0,3668.6000830000003
RS,MASCULINO,30 A 39,MEDIO COMPL,4.1700001,33.900002,1730.5500415000001
PE,MASCULINO,40 A 49,SUP. COMP,6.6199999,263.89999,2747.2999585
RJ,FEMININO,40 A 49,SUP. INCOMP,3.6099999,266.0,1498.1499585
SP,MASCULINO,40 A 49,SUP. COMP,14.33,107.8,5946.95
TO,FEMININO,30 A 39,MEDIO COMPL,2.6199999,173.89999,1087.2999585
SP,FEMININO,40 A 49,5.A CO FUND,2.45,248.89999,1016.7500000000001
ES,FEMININO,40 A 49,FUND COMPL,1.45,12.9,601.75
RS,FEMININO,30 A 39,SUP. INCOMP,3.0799999,180.2,1278.1999584999999
SE,FEMININO,50 A 64,SUP. COMP,7.4499998,320.89999,3091.7499169999996
SP,MASCULINO,40 A 49,MEDIO INCOMP,7.71,245.60001,3199.65
PR,MASCULINO,40 A 49,5.A CO FUND,7.23,177.7,3000.4500000000003
CE,MASCULINO,50 A 64,SUP. COMP,3.53,326.79999,1464.9499999999998
MG,FEMININO,30 A 39,SUP. COMP,2.3099999,118.7,958.6499585000001
MG,MASCULINO,40 A 49,MEDIO COMPL,4.8600001,142.60001,2016.9000414999998
SP,FEMININO,50 A 64,SUP. COMP,6.2399998,106.7,2589.599917
SP,FEMININO,40 A 49,SUP. COMP,4.5900002,200.89999,1904.8500830000003
SP,FEMININO,30 A 39,SUP. COMP,2.97,158.89999,1232.5500000000002
PR,FEMININO,30 A 39,SUP. INCOMP,4.9299998,46.900002,2045.949917
RS,MASCULINO,50 A 64,SUP. COMP,40.189999,379.89999,16678.849585
SP,MASCULINO,40 A 49,MEDIO COMPL,9.1599998,122.9,3801.3999169999997
RJ,FEMININO,40 A 49,SUP. COMP,3.9400001,271.0,1635.1000414999999
SP,MASCULINO,30 A 39,6. A 9. FUND,3.6099999,172.89999,1498.1499585
SP,FEMININO,40 A 49,MEDIO COMPL,3.9100001,22.6,1622.6500415
SP,FEMININO,30 A 39,5.A CO FUND,2.78,177.89999,1153.6999999999998
SP,FEMININO,40 A 49,SUP. INCOMP,5.5999999,197.3,2323.9999585
MG,FEMININO,50 A 64,MEDIO COMPL,1.61,389.89999,668.1500000000001
MA,FEMININO,50 A 64,SUP. INCOMP,1.59,130.89999,659.85
PE,MASCULINO,30 A 39,MEDIO COMPL,11.36,166.89999,4714.4
MG,MASCULINO,50 A 64,SUP. COMP,3.24,310.89999,1344.6000000000001
SP,MASCULINO,40 A 49,ATE 5.A INC,1.37,233.89999,568.5500000000001
SP,FEMININO,30 A 39,SUP. COMP,4.8699999,47.0,2021.0499585
